ticket_id;date;categorie;objet
TCK-9000;2026-02-18;conges;Solde CP incorrect apres mes conges de juin
TCK-9001;2026-04-25;autre;Question sur le teletravail en juin
TCK-9002;2026-08-10;materiel;Demande d'ecran supplementaire pour le poste 2B
TCK-9003;2026-01-20;mutuelle;Remboursement optique non recu, dossier envoye en janvier
TCK-9004;2026-04-09;conges;Solde CP incorrect apres mes conges de janvier
TCK-9005;2026-04-06;conges;Solde CP incorrect apres mes conges de janvier
TCK-9006;2026-01-14;conges;Solde CP incorrect apres mes conges de juin
TCK-9007;2026-08-10;autre;Question sur le teletravail en janvier
TCK-9008;2026-05-23;conges;Solde CP incorrect apres mes conges de avril
TCK-9009;2026-02-22;materiel;Demande d'ecran supplementaire pour le poste 2B
TCK-9010;2026-04-14;mutuelle;Remboursement optique non recu, dossier envoye en janvier
TCK-9011;2026-04-21;autre;Question sur le teletravail en mars
TCK-9012;2026-03-03;mutuelle;Remboursement optique non recu, dossier envoye en janvier
TCK-9013;2026-05-20;conges;Solde CP incorrect apres mes conges de avril
TCK-9014;2026-02-15;materiel;Demande d'ecran supplementaire pour le poste 2B
TCK-9015;2026-05-17;materiel;Demande d'ecran supplementaire pour le poste 2B
TCK-9016;2026-02-20;materiel;Demande d'ecran supplementaire pour le poste 2B
TCK-9017;2026-06-20;materiel;Demande d'ecran supplementaire pour le poste 2B
TCK-9018;2026-02-08;paie;Erreur sur mon bulletin de janvier, il manque la prime
TCK-9019;2026-01-25;mutuelle;Remboursement optique non recu, dossier envoye en mars